{
  "properties": {
    "connectionReferences": {
      "shared_office365": {
        "runtimeSource": "embedded",
        "connection": {
          "connectionReferenceLogicalName": "contoso_sharedoffice365_0c5b9"
        },
        "api": {
          "name": "shared_office365"
        }
      },
      "shared_commondataserviceforapps": {
        "runtimeSource": "embedded",
        "connection": {
          "connectionReferenceLogicalName": "pp_MicrosoftDataverse"
        },
        "api": {
          "name": "shared_commondataserviceforapps"
        }
      },
      "shared_approvals": {
        "runtimeSource": "embedded",
        "connection": {
          "connectionReferenceLogicalName": "contoso_sharedapprovals_6315c"
        },
        "api": {
          "name": "shared_approvals"
        }
      },
      "shared_teams": {
        "runtimeSource": "embedded",
        "connection": {
          "connectionReferenceLogicalName": "contoso_sharedteams_c7579"
        },
        "api": {
          "name": "shared_teams"
        }
      }
    },
    "definition": {
      "$schema": "https://schema.management.azure.com/providers/Microsoft.Logic/schemas/2016-06-01/workflowdefinition.json#",
      "contentVersion": "1.0.0.0",
      "parameters": {
        "$connections": {
          "defaultValue": {},
          "type": "Object"
        },
        "$authentication": {
          "defaultValue": {},
          "type": "SecureObject"
        }
      },
      "triggers": {
        "When_a_new_email_arrives_(V3)": {
          "splitOn": "@triggerOutputs()?['body/value']",
          "metadata": {
            "operationMetadataId": "42a5fc4e-5469-4c4e-99f5-e10ee2a3f7e7"
          },
          "type": "OpenApiConnectionNotification",
          "inputs": {
            "host": {
              "connectionName": "shared_office365",
              "operationId": "OnNewEmailV3",
              "apiId": "/providers/Microsoft.PowerApps/apis/shared_office365"
            },
            "parameters": {
              "folderPath": "Inbox",
              "to": "aldenknibbs@pbi365.onmicrosoft.com",
              "includeAttachments": false,
              "subjectFilter": "[Query]",
              "importance": "Any",
              "fetchOnlyWithAttachment": false
            },
            "authentication": "@parameters('$authentication')"
          }
        }
      },
      "actions": {
        "Extract_entities_from_text_with_the_standard_model": {
          "runAfter": {},
          "metadata": {
            "operationMetadataId": "307c3966-bb11-4e5f-872b-03e821de271f"
          },
          "type": "OpenApiConnection",
          "inputs": {
            "host": {
              "connectionName": "shared_commondataserviceforapps",
              "operationId": "aibuilderpredict_entityextraction",
              "apiId": "/providers/Microsoft.PowerApps/apis/shared_commondataserviceforapps"
            },
            "parameters": {
              "item/requestv2/language": "en",
              "item/requestv2/text": "@triggerOutputs()?['body/body']"
            },
            "authentication": "@parameters('$authentication')"
          }
        },
        "Apply_to_each": {
          "foreach": "@outputs('Extract_entities_from_text_with_the_standard_model')?['body/responsev2/predictionOutput/result/entities']",
          "actions": {
            "Start_and_wait_for_an_approval_of_text": {
              "runAfter": {},
              "metadata": {
                "operationMetadataId": "6949645b-12db-4e52-8a5f-19293bce6836"
              },
              "type": "OpenApiConnectionWebhook",
              "inputs": {
                "host": {
                  "connectionName": "shared_approvals",
                  "operationId": "StartAndWaitForATextSuggestionApproval",
                  "apiId": "/providers/Microsoft.PowerApps/apis/shared_approvals"
                },
                "parameters": {
                  "WebhookTextSuggestionApprovalCreationInput/title": "Review extracted information",
                  "WebhookTextSuggestionApprovalCreationInput/suggestedText": "@items('Apply_to_each')?['value']",
                  "WebhookTextSuggestionApprovalCreationInput/assignedTo": "aldenknibbs@pbi365.onmicrosoft.com",
                  "WebhookTextSuggestionApprovalCreationInput/details": "Please review the extracted information and edit as necessary",
                  "WebhookTextSuggestionApprovalCreationInput/enableNotifications": true,
                  "WebhookTextSuggestionApprovalCreationInput/enableReassignment": true
                },
                "authentication": "@parameters('$authentication')"
              }
            },
            "Condition": {
              "actions": {
                "Post_message_in_a_chat_or_channel": {
                  "runAfter": {},
                  "metadata": {
                    "operationMetadataId": "3bc92928-2d04-47dc-8dd0-4d6b2cf041f5"
                  },
                  "type": "OpenApiConnection",
                  "inputs": {
                    "host": {
                      "connectionName": "shared_teams",
                      "operationId": "PostMessageToConversation",
                      "apiId": "/providers/Microsoft.PowerApps/apis/shared_teams"
                    },
                    "parameters": {
                      "poster": "Flow bot",
                      "location": "Chat with Flow bot",
                      "body/recipient": "aldenknibbs@pbi365.onmicrosoft.com;",
                      "body/messageBody": "<p>Please add the following Real Estate Showing Request.<br>\n<br>\nClient Email: @{triggerOutputs()?['body/from']}<br>\n<br>\n@{outputs('Start_and_wait_for_an_approval_of_text')?['body/acceptedText']}</p>"
                    },
                    "authentication": "@parameters('$authentication')"
                  }
                }
              },
              "runAfter": {
                "Start_and_wait_for_an_approval_of_text": [
                  "Succeeded"
                ]
              },
              "else": {
                "actions": {
                  "Send_an_email_(V2)": {
                    "runAfter": {},
                    "metadata": {
                      "operationMetadataId": "c8b83326-d85d-48d7-9497-e468d6e6f6c4"
                    },
                    "type": "OpenApiConnection",
                    "inputs": {
                      "host": {
                        "connectionName": "shared_office365",
                        "operationId": "SendEmailV2",
                        "apiId": "/providers/Microsoft.PowerApps/apis/shared_office365"
                      },
                      "parameters": {
                        "emailMessage/To": "@triggerOutputs()?['body/from']",
                        "emailMessage/Subject": "insufficient information was provided for booking the showing",
                        "emailMessage/Body": "<p>Insufficient information was provided for booking the showing</p>",
                        "emailMessage/Importance": "Normal"
                      },
                      "authentication": "@parameters('$authentication')"
                    }
                  }
                }
              },
              "expression": {
                "equals": [
                  "@outputs('Start_and_wait_for_an_approval_of_text')?['body/outcome']",
                  "Approve"
                ]
              },
              "metadata": {
                "operationMetadataId": "96c23a24-b4de-4e2c-9f34-874731d632f1"
              },
              "type": "If"
            }
          },
          "runAfter": {
            "Extract_entities_from_text_with_the_standard_model": [
              "Succeeded"
            ]
          },
          "metadata": {
            "operationMetadataId": "3dce090a-1cbf-446f-aa2b-9e9131e49f69"
          },
          "type": "Foreach"
        }
      }
    },
    "templateName": null
  },
  "schemaVersion": "1.0.0.0"
}