{
  "properties": {
    "connectionReferences": {
      "shared_approvals": {
        "runtimeSource": "embedded",
        "connection": {
          "connectionReferenceLogicalName": "contoso_sharedapprovals_88c86"
        },
        "api": {
          "name": "shared_approvals"
        }
      },
      "shared_commondataserviceforapps": {
        "runtimeSource": "embedded",
        "connection": {
          "connectionReferenceLogicalName": "contoso_sharedcommondataserviceforapps_d0e81"
        },
        "api": {
          "name": "shared_commondataserviceforapps"
        }
      },
      "shared_office365": {
        "runtimeSource": "embedded",
        "connection": {
          "connectionReferenceLogicalName": "contoso_sharedoffice365_0c5b9"
        },
        "api": {
          "name": "shared_office365"
        }
      }
    },
    "definition": {
      "$schema": "https://schema.management.azure.com/providers/Microsoft.Logic/schemas/2016-06-01/workflowdefinition.json#",
      "contentVersion": "1.0.0.0",
      "parameters": {
        "$connections": {
          "defaultValue": {},
          "type": "Object"
        },
        "$authentication": {
          "defaultValue": {},
          "type": "SecureObject"
        }
      },
      "triggers": {
        "When_a_row_is_added,_modified_or_deleted": {
          "metadata": {
            "operationMetadataId": "93f6b85a-6ce8-44eb-a230-8aea5164ad6f"
          },
          "type": "OpenApiConnectionWebhook",
          "inputs": {
            "host": {
              "connectionName": "shared_commondataserviceforapps",
              "operationId": "SubscribeWebhookTrigger",
              "apiId": "/providers/Microsoft.PowerApps/apis/shared_commondataserviceforapps"
            },
            "parameters": {
              "subscriptionRequest/message": 1,
              "subscriptionRequest/entityname": "crb87_realestateshowings",
              "subscriptionRequest/scope": 4
            },
            "authentication": "@parameters('$authentication')"
          }
        }
      },
      "actions": {
        "Start_and_wait_for_an_approval": {
          "runAfter": {},
          "metadata": {
            "operationMetadataId": "3b3278cb-46f7-4795-917a-af2f19495105"
          },
          "type": "OpenApiConnectionWebhook",
          "inputs": {
            "host": {
              "connectionName": "shared_approvals",
              "operationId": "StartAndWaitForAnApproval",
              "apiId": "/providers/Microsoft.PowerApps/apis/shared_approvals"
            },
            "parameters": {
              "approvalType": "Basic",
              "WebhookApprovalCreationInput/title": "New Request for Real Estate Showing",
              "WebhookApprovalCreationInput/assignedTo": "aldenknibbs@pbi365.onmicrosoft.com;",
              "WebhookApprovalCreationInput/details": "A new request for a real estate showing has been created. Please review the details below and approve or reject the request:\\\\\\\\\\\\\\\\n\\\\\\\\\\\\\\\\nProperty: @{triggerOutputs()?['body/crb87_address']}\\\\\\\\\\\\\\\\nClient: @{triggerOutputs()?['body/crb87_clientfullname']}\\\\\\\\\\\\\\\\nClient Email: @{triggerOutputs()?['body/crb87_clientemail']}\\\\\\\\\\\\\\\\nDate: @{triggerOutputs()?['body/crb87_showingdate']}\\\\\\\\\\\\\\\\nTime:@{triggerOutputs()?['body/crb87_showingtime']}"
            },
            "authentication": "@parameters('$authentication')"
          }
        },
        "Condition": {
          "actions": {
            "Update_a_row": {
              "runAfter": {},
              "metadata": {
                "operationMetadataId": "773d2c16-e55f-4754-87fe-c40c2d383205"
              },
              "type": "OpenApiConnection",
              "inputs": {
                "host": {
                  "connectionName": "shared_commondataserviceforapps",
                  "operationId": "UpdateRecord",
                  "apiId": "/providers/Microsoft.PowerApps/apis/shared_commondataserviceforapps"
                },
                "parameters": {
                  "entityName": "crb87_realestateshowingses",
                  "recordId": "@triggerOutputs()?['body/crb87_realestateshowingsid']",
                  "item/crb87_status": 561350001
                },
                "authentication": "@parameters('$authentication')"
              }
            },
            "Send_an_email": {
              "runAfter": {
                "Update_a_row": [
                  "Succeeded"
                ]
              },
              "metadata": {
                "operationMetadataId": "a7f36f91-fa62-4972-8ea6-13c28f032465"
              },
              "type": "OpenApiConnection",
              "inputs": {
                "host": {
                  "connectionName": "shared_office365",
                  "operationId": "SendEmailV2",
                  "apiId": "/providers/Microsoft.PowerApps/apis/shared_office365"
                },
                "parameters": {
                  "emailMessage/To": "@outputs('Update_a_row')?['body/crb87_clientemail']",
                  "emailMessage/Subject": "Your request for a real estate showing has been approved",
                  "emailMessage/Body": "<p>Good day - Your request for a real estate showing has been approved. Please see below for details.</p><br><p>Property: @{triggerOutputs()?['body/crb87_address']}</p><br><p>Agent Name: @{triggerOutputs()?['body/crb87_agentname']}</p><br><p>Showing Date: @{triggerOutputs()?['body/crb87_showingdate']}</p><br><p>Showing Time: @{outputs('Update_a_row')?['body/crb87_showingtime']}</p><br><p>@{outputs('Start_and_wait_for_an_approval')?['body/responseSummary']}</p>"
                },
                "authentication": "@parameters('$authentication')"
              }
            }
          },
          "runAfter": {
            "Start_and_wait_for_an_approval": [
              "Succeeded"
            ]
          },
          "else": {
            "actions": {
              "Update_a_row_2": {
                "runAfter": {},
                "metadata": {
                  "operationMetadataId": "4291f951-9fba-4736-89c2-f5254e5755fa"
                },
                "type": "OpenApiConnection",
                "inputs": {
                  "host": {
                    "connectionName": "shared_commondataserviceforapps",
                    "operationId": "UpdateRecord",
                    "apiId": "/providers/Microsoft.PowerApps/apis/shared_commondataserviceforapps"
                  },
                  "parameters": {
                    "entityName": "crb87_realestateshowingses",
                    "recordId": "@triggerOutputs()?['body/crb87_realestateshowingsid']",
                    "item/crb87_status": 561350002
                  },
                  "authentication": "@parameters('$authentication')"
                }
              },
              "Send_an_email_2": {
                "runAfter": {
                  "Update_a_row_2": [
                    "Succeeded"
                  ]
                },
                "metadata": {
                  "operationMetadataId": "41670217-1118-4025-8d3e-a355aec3ac49"
                },
                "type": "OpenApiConnection",
                "inputs": {
                  "host": {
                    "connectionName": "shared_office365",
                    "operationId": "SendEmailV2",
                    "apiId": "/providers/Microsoft.PowerApps/apis/shared_office365"
                  },
                  "parameters": {
                    "emailMessage/To": "@triggerOutputs()?['body/crb87_clientemail']",
                    "emailMessage/Subject": "Your request for a real estate showing has been rejected",
                    "emailMessage/Body": "<p>Good day - Your request for a real estate showing has been rejected. Please see below for details.</p><br><p>Property: @{triggerBody()?['crb87_address']}</p><br><p>Agent Name: @{triggerBody()?['crb87_agentname']}</p><br><p>Showing Date: @{triggerBody()?['crb87_showingdate']}</p><br><p>Showing Time: @{triggerBody()?['crb87_showingtime']}</p><br><p>@{body('Start_and_wait_for_an_approval')?['responseSummary']}</p>"
                  },
                  "authentication": "@parameters('$authentication')"
                }
              }
            }
          },
          "expression": {
            "and": [
              {
                "equals": [
                  "@outputs('Start_and_wait_for_an_approval')?['body/outcome']",
                  "Approve"
                ]
              }
            ]
          },
          "metadata": {
            "operationMetadataId": "35177625-ce33-4bd8-bd7a-90c235f9a984"
          },
          "type": "If"
        }
      },
      "outputs": {}
    },
    "templateName": "78720f54e49444d0bd456477288a7ef7"
  },
  "schemaVersion": "1.0.0.0"
}