<bot schemaname="crb87_realEstateBookingService">
  <authenticationmode>2</authenticationmode>
  <authenticationtrigger>1</authenticationtrigger>
  <iscustomizable>0</iscustomizable>
  <language>1033</language>
  <name>Real Estate Booking Service</name>
  <runtimeprovider>0</runtimeprovider>
  <synchronizationstatus>{
  "contentVersion": 2,
  "currentSynchronizationState": {
    "botRegistration": {
      "applicationId": "ad31db42-6c37-4c4c-93bc-a8d1bdf4323d",
      "isAppAvailableInTenant": true
    },
    "provisioningStatus": "Provisioned",
    "state": "Synchronized"
  },
  "lastSynchronizedOnUtc": "2024-03-12T14:32:30.0913878Z"
}</synchronizationstatus>
  <template>default-2.0.1</template>
</bot>