{
  "properties": {
    "connectionReferences": {
      "shared_commondataserviceforapps_1": {
        "runtimeSource": "embedded",
        "connection": {
          "connectionReferenceLogicalName": "contoso_DataverseCRContosoCoffee"
        },
        "api": {
          "name": "shared_commondataserviceforapps"
        }
      }
    },
    "definition": {
      "$schema": "https://schema.management.azure.com/providers/Microsoft.Logic/schemas/2016-06-01/workflowdefinition.json#",
      "contentVersion": "1.0.0.0",
      "parameters": {
        "$connections": {
          "defaultValue": {},
          "type": "Object"
        },
        "$authentication": {
          "defaultValue": {},
          "type": "SecureObject"
        }
      },
      "triggers": {
        "manual": {
          "metadata": {
            "operationMetadataId": "8cff16e2-ec7d-4ec8-b104-c16db1d04732"
          },
          "type": "Request",
          "kind": "Button",
          "inputs": {
            "schema": {
              "type": "object",
              "properties": {},
              "required": []
            }
          }
        }
      },
      "actions": {
        "List_Coffee_Machines": {
          "runAfter": {
            "Initialize_varMachineType": [
              "Succeeded"
            ]
          },
          "metadata": {
            "operationMetadataId": "e3f8bba0-2ad6-44d0-b008-32cc76a09ef8"
          },
          "type": "OpenApiConnection",
          "inputs": {
            "host": {
              "connectionName": "shared_commondataserviceforapps_1",
              "operationId": "ListRecords",
              "apiId": "/providers/Microsoft.PowerApps/apis/shared_commondataserviceforapps"
            },
            "parameters": {
              "entityName": "contoso_coffeemachines"
            },
            "authentication": {
              "type": "Raw",
              "value": "@json(decodeBase64(triggerOutputs().headers['X-MS-APIM-Tokens']))['$ConnectionKey']"
            }
          }
        },
        "Initialize_varMachine": {
          "runAfter": {},
          "metadata": {
            "operationMetadataId": "944fad72-16db-4fdf-81ca-f562c271f3c8"
          },
          "type": "InitializeVariable",
          "inputs": {
            "variables": [
              {
                "name": "varMachine",
                "type": "string"
              }
            ]
          }
        },
        "Initialize_varMachineType": {
          "runAfter": {
            "Initialize_varMachine": [
              "Succeeded"
            ]
          },
          "metadata": {
            "operationMetadataId": "d6288eee-daa1-44bf-adb9-9300a6b6a039"
          },
          "type": "InitializeVariable",
          "inputs": {
            "variables": [
              {
                "name": "varMachineType",
                "type": "string"
              }
            ]
          }
        },
        "Apply_to_each_Coffee_Machine": {
          "foreach": "@outputs('List_Coffee_Machines')?['body/value']",
          "actions": {
            "Set_varMachine": {
              "runAfter": {},
              "metadata": {
                "operationMetadataId": "5989a3a8-a750-4b1b-9903-6931df8c442e"
              },
              "type": "SetVariable",
              "inputs": {
                "name": "varMachine",
                "value": "@{items('Apply_to_each_Coffee_Machine')?['contoso_machinetypeid']}"
              }
            },
            "List_Coffee_Machine_Types": {
              "runAfter": {
                "Set_varMachine": [
                  "Succeeded"
                ]
              },
              "metadata": {
                "operationMetadataId": "637c7ff6-aa6d-4856-b761-bdd6b02d98e1"
              },
              "type": "OpenApiConnection",
              "inputs": {
                "host": {
                  "connectionName": "shared_commondataserviceforapps_1",
                  "operationId": "ListRecords",
                  "apiId": "/providers/Microsoft.PowerApps/apis/shared_commondataserviceforapps"
                },
                "parameters": {
                  "entityName": "contoso_coffeemachinetypes"
                },
                "authentication": {
                  "type": "Raw",
                  "value": "@json(decodeBase64(triggerOutputs().headers['X-MS-APIM-Tokens']))['$ConnectionKey']"
                }
              }
            },
            "Apply_to_each_Machine_Type": {
              "foreach": "@outputs('List_Coffee_Machine_Types')?['body/value']",
              "actions": {
                "Set_varMachineType": {
                  "runAfter": {},
                  "metadata": {
                    "operationMetadataId": "ee2c65df-c741-4b1f-8429-104be0c0ff6f"
                  },
                  "type": "SetVariable",
                  "inputs": {
                    "name": "varMachineType",
                    "value": "@{items('Apply_to_each_Machine_Type')?['contoso_machinetypeid']}"
                  }
                },
                "Condition": {
                  "actions": {
                    "Relate_rows": {
                      "runAfter": {},
                      "metadata": {
                        "operationMetadataId": "9dfebe5f-8900-4339-934f-0447592c8376"
                      },
                      "type": "OpenApiConnection",
                      "inputs": {
                        "host": {
                          "connectionName": "shared_commondataserviceforapps_1",
                          "operationId": "AssociateEntities",
                          "apiId": "/providers/Microsoft.PowerApps/apis/shared_commondataserviceforapps"
                        },
                        "parameters": {
                          "entityName": "contoso_coffeemachinetypes",
                          "recordId": "@items('Apply_to_each_Machine_Type')?['contoso_coffeemachinetypeid']",
                          "associationEntityRelationship": "contoso_CoffeeMachine_contoso_CoffeeMachi",
                          "item/@odata.id": "@items('Apply_to_each_Coffee_Machine')?['@odata.id']"
                        },
                        "authentication": {
                          "type": "Raw",
                          "value": "@json(decodeBase64(triggerOutputs().headers['X-MS-APIM-Tokens']))['$ConnectionKey']"
                        }
                      }
                    }
                  },
                  "runAfter": {
                    "Set_varMachineType": [
                      "Succeeded"
                    ]
                  },
                  "expression": {
                    "equals": [
                      "@variables('varMachine')",
                      "@variables('varMachineType')"
                    ]
                  },
                  "metadata": {
                    "operationMetadataId": "06f007b5-01df-4f79-bd93-179b33d09f5f"
                  },
                  "type": "If"
                }
              },
              "runAfter": {
                "List_Coffee_Machine_Types": [
                  "Succeeded"
                ]
              },
              "metadata": {
                "operationMetadataId": "f590a6fe-0941-49d8-aecd-d585accd3399"
              },
              "type": "Foreach"
            }
          },
          "runAfter": {
            "List_Coffee_Machines": [
              "Succeeded"
            ]
          },
          "metadata": {
            "operationMetadataId": "4ae8e322-0a03-4004-825d-0810ae4a04f0"
          },
          "type": "Foreach"
        }
      }
    },
    "templateName": ""
  },
  "schemaVersion": "1.0.0.0"
}