{
  "properties": {
    "connectionReferences": {
      "shared_approvals": {
        "runtimeSource": "embedded",
        "connection": {
          "connectionReferenceLogicalName": "contoso_sharedapprovals_6315c"
        },
        "api": {
          "name": "shared_approvals"
        }
      },
      "shared_commondataserviceforapps_1": {
        "runtimeSource": "embedded",
        "connection": {
          "connectionReferenceLogicalName": "contoso_DataverseCRContosoCoffee"
        },
        "api": {
          "name": "shared_commondataserviceforapps"
        }
      },
      "shared_outlook_1": {
        "runtimeSource": "embedded",
        "connection": {
          "connectionReferenceLogicalName": "contoso_sharedoutlook_9fbaa"
        },
        "api": {
          "name": "shared_outlook"
        }
      },
      "shared_teams": {
        "runtimeSource": "embedded",
        "connection": {
          "connectionReferenceLogicalName": "contoso_sharedteams_c7579"
        },
        "api": {
          "name": "shared_teams"
        }
      },
      "shared_commondataserviceforapps": {
        "runtimeSource": "embedded",
        "connection": {
          "connectionReferenceLogicalName": "pp_MicrosoftDataverse"
        },
        "api": {
          "name": "shared_commondataserviceforapps"
        }
      }
    },
    "definition": {
      "$schema": "https://schema.management.azure.com/providers/Microsoft.Logic/schemas/2016-06-01/workflowdefinition.json#",
      "contentVersion": "1.0.0.0",
      "parameters": {
        "$connections": {
          "defaultValue": {},
          "type": "Object"
        },
        "$authentication": {
          "defaultValue": {},
          "type": "SecureObject"
        }
      },
      "triggers": {
        "When_a_row_is_added,_modified_or_deleted": {
          "metadata": {
            "operationMetadataId": "19252681-2ade-4163-8760-b34f006b93fb"
          },
          "type": "OpenApiConnectionWebhook",
          "inputs": {
            "host": {
              "connectionName": "shared_commondataserviceforapps_1",
              "operationId": "SubscribeWebhookTrigger",
              "apiId": "/providers/Microsoft.PowerApps/apis/shared_commondataserviceforapps"
            },
            "parameters": {
              "subscriptionRequest/message": 1,
              "subscriptionRequest/entityname": "contoso_coffeemachineorder",
              "subscriptionRequest/scope": 4
            },
            "authentication": "@parameters('$authentication')"
          }
        }
      },
      "actions": {
        "Start_and_wait_for_an_approval": {
          "runAfter": {
            "Compose_link_to_item": [
              "Succeeded"
            ]
          },
          "metadata": {
            "operationMetadataId": "1be5964e-13dd-4733-83e4-0c674650e265"
          },
          "type": "OpenApiConnectionWebhook",
          "inputs": {
            "host": {
              "connectionName": "shared_approvals",
              "operationId": "StartAndWaitForAnApproval",
              "apiId": "/providers/Microsoft.PowerApps/apis/shared_approvals"
            },
            "parameters": {
              "approvalType": "Basic",
              "WebhookApprovalCreationInput/title": "@{triggerOutputs()?['body/contoso_ordernumber']}: New Coffee Machine Request for @{triggerOutputs()?['body/contoso_coffeemachinename']}",
              "WebhookApprovalCreationInput/assignedTo": "@{triggerOutputs()?['body/contoso_approver']};",
              "WebhookApprovalCreationInput/details": "A new coffee machine has been requested \nOrder Number: @{triggerOutputs()?['body/contoso_ordernumber']} \nCoffee Machine: @{triggerOutputs()?['body/contoso_coffeemachinename']}\nOrder Price: $@{triggerOutputs()?['body/contoso_orderprice']}\nDepartment Contirubtion: @{triggerOutputs()?['body/contoso_departmentcontribution']}\nComments: @{triggerOutputs()?['body/contoso_comments']}",
              "WebhookApprovalCreationInput/itemLink": "@outputs('Compose_link_to_item')",
              "WebhookApprovalCreationInput/requestor": "@{triggerOutputs()?['body/contoso_requestedby']};",
              "WebhookApprovalCreationInput/enableNotifications": true,
              "WebhookApprovalCreationInput/enableReassignment": true
            },
            "authentication": "@parameters('$authentication')"
          }
        },
        "Compose_link_to_item": {
          "runAfter": {
            "Delay": [
              "Succeeded"
            ]
          },
          "metadata": {
            "operationMetadataId": "28e22aea-816f-4f0a-861b-7ab9376b248d"
          },
          "type": "Compose",
          "inputs": "https://orga6ac535f.crm.dynamics.com/main.aspx?appid=d757d10d-e4de-ee11-904d-000d3a991110&pagetype=entityrecord&etn=contoso_coffeemachineorder&id=@{triggerOutputs()?['body/contoso_coffeemachineorderid']}"
        },
        "Condition": {
          "actions": {
            "Update_a_row_on_approve": {
              "runAfter": {},
              "metadata": {
                "operationMetadataId": "a7188e4f-fb08-42c0-8926-9b110c259333"
              },
              "type": "OpenApiConnection",
              "inputs": {
                "host": {
                  "connectionName": "shared_commondataserviceforapps_1",
                  "operationId": "UpdateRecord",
                  "apiId": "/providers/Microsoft.PowerApps/apis/shared_commondataserviceforapps"
                },
                "parameters": {
                  "entityName": "contoso_coffeemachineorders",
                  "recordId": "@triggerOutputs()?['body/contoso_coffeemachineorderid']",
                  "item/contoso_approvalstatus": 330650000,
                  "item/contoso_approveddate": "@utcNow()"
                },
                "authentication": "@parameters('$authentication')"
              }
            },
            "Send_an_email_(V2)_on_approve": {
              "runAfter": {
                "Update_a_row_on_approve": [
                  "Succeeded"
                ]
              },
              "metadata": {
                "operationMetadataId": "33599ede-2984-4bb2-afbc-87a9e316bcd0"
              },
              "type": "OpenApiConnection",
              "inputs": {
                "host": {
                  "connectionName": "shared_outlook_1",
                  "operationId": "SendEmailV2",
                  "apiId": "/providers/Microsoft.PowerApps/apis/shared_outlook"
                },
                "parameters": {
                  "emailMessage/To": "@triggerOutputs()?['body/contoso_requestedby']",
                  "emailMessage/Subject": "Your coffee machine order has been approved!",
                  "emailMessage/Body": "<p>Your coffee machine order has been approved @{triggerOutputs()?['body/contoso_coffeemachinename']}.<br>\n<br>\nOrder Number: @{outputs('Update_a_row_on_approve')?['body/contoso_ordernumber']}<br>\nEstimated Ship Date: @{triggerOutputs()?['body/contoso_estimatedshipdate']}<br>\n<br>\n@{outputs('Start_and_wait_for_an_approval')?['body/responseSummary']}</p>",
                  "emailMessage/Importance": "Normal"
                },
                "authentication": "@parameters('$authentication')"
              }
            },
            "Post_message_in_a_chat_or_channel_on_approval": {
              "runAfter": {
                "Send_an_email_(V2)_on_approve": [
                  "Succeeded"
                ]
              },
              "metadata": {
                "operationMetadataId": "f9a15c7a-aa4a-46ee-b4df-6b820a4bf34d"
              },
              "type": "OpenApiConnection",
              "inputs": {
                "host": {
                  "connectionName": "shared_teams",
                  "operationId": "PostMessageToConversation",
                  "apiId": "/providers/Microsoft.PowerApps/apis/shared_teams"
                },
                "parameters": {
                  "poster": "Flow bot",
                  "location": "Chat with Flow bot",
                  "body/recipient": "@{triggerOutputs()?['body/contoso_requestedby']};",
                  "body/messageBody": "<p>Your coffee machine order has been approved @{triggerOutputs()?['body/contoso_coffeemachinename']}.<br>\n<br>\nOrder Number: @{outputs('Update_a_row_on_approve')?['body/contoso_ordernumber']}<br>\nEstimated Ship Date: @{triggerOutputs()?['body/contoso_estimatedshipdate']}<br>\n<br>\n@{outputs('Start_and_wait_for_an_approval')?['body/responseSummary']}</p>"
                },
                "authentication": "@parameters('$authentication')"
              }
            }
          },
          "runAfter": {
            "Start_and_wait_for_an_approval": [
              "Succeeded"
            ]
          },
          "else": {
            "actions": {
              "Update_a_row": {
                "runAfter": {},
                "metadata": {
                  "operationMetadataId": "3735f17f-c00e-4803-b2ed-2c43619e26d6"
                },
                "type": "OpenApiConnection",
                "inputs": {
                  "host": {
                    "connectionName": "shared_commondataserviceforapps",
                    "operationId": "UpdateRecord",
                    "apiId": "/providers/Microsoft.PowerApps/apis/shared_commondataserviceforapps"
                  },
                  "parameters": {
                    "entityName": "contoso_coffeemachineorders",
                    "recordId": "@triggerOutputs()?['body/contoso_coffeemachineorderid']",
                    "item/contoso_approvalstatus": 330650001
                  },
                  "authentication": "@parameters('$authentication')"
                }
              },
              "Send_an_email_(V2)_on_reject": {
                "runAfter": {
                  "Update_a_row": [
                    "Succeeded"
                  ]
                },
                "metadata": {
                  "operationMetadataId": "33599ede-2984-4bb2-afbc-87a9e316bcd0"
                },
                "type": "OpenApiConnection",
                "inputs": {
                  "host": {
                    "connectionName": "shared_outlook_1",
                    "operationId": "SendEmailV2",
                    "apiId": "/providers/Microsoft.PowerApps/apis/shared_outlook"
                  },
                  "parameters": {
                    "emailMessage/To": "@triggerOutputs()?['body/contoso_requestedby']",
                    "emailMessage/Subject": "Your coffee machine order was not approved.",
                    "emailMessage/Body": "<p>Sorry, your coffee machine order was not approved @{outputs('Update_a_row')?['body/contoso_coffeemachinename']}.<br>\n<br>\nOrder Number: @{outputs('Update_a_row')?['body/contoso_ordernumber']}<br>\n<br>\n@{outputs('Start_and_wait_for_an_approval')?['body/responseSummary']}</p>",
                    "emailMessage/Importance": "Normal"
                  },
                  "authentication": "@parameters('$authentication')"
                }
              },
              "Post_message_in_a_chat_or_channel_on_reject": {
                "runAfter": {
                  "Send_an_email_(V2)_on_reject": [
                    "Succeeded"
                  ]
                },
                "metadata": {
                  "operationMetadataId": "56ea87eb-9a7d-4198-bc2e-2882dc0cee62"
                },
                "type": "OpenApiConnection",
                "inputs": {
                  "host": {
                    "connectionName": "shared_teams",
                    "operationId": "PostMessageToConversation",
                    "apiId": "/providers/Microsoft.PowerApps/apis/shared_teams"
                  },
                  "parameters": {
                    "poster": "Flow bot",
                    "location": "Chat with Flow bot",
                    "body/recipient": "@{triggerOutputs()?['body/contoso_requestedby']};",
                    "body/messageBody": "<p>Sorry, your coffee machine order was not approved @{outputs('Update_a_row')?['body/contoso_coffeemachinename']}.<br>\n<br>\nOrder Number: @{outputs('Update_a_row')?['body/contoso_ordernumber']}<br>\n<br>\n@{outputs('Start_and_wait_for_an_approval')?['body/responseSummary']}</p>"
                  },
                  "authentication": "@parameters('$authentication')"
                }
              }
            }
          },
          "expression": {
            "equals": [
              "@outputs('Start_and_wait_for_an_approval')?['body/outcome']",
              "Approve"
            ]
          },
          "metadata": {
            "operationMetadataId": "52515de8-3b4f-47a2-88e3-1881ea7f6a52"
          },
          "type": "If"
        },
        "Delay": {
          "runAfter": {},
          "metadata": {
            "operationMetadataId": "848f9897-8f41-400f-a2f8-03c877eb4d29"
          },
          "type": "Wait",
          "inputs": {
            "interval": {
              "count": 1,
              "unit": "Minute"
            }
          }
        }
      },
      "outputs": {}
    },
    "templateName": ""
  },
  "schemaVersion": "1.0.0.0"
}