<botcomponent schemaname="crb87_realEstateBookingService.topic.OnError">
  <componenttype>9</componenttype>
  <description>This system topic triggers when the bot encounters an error. When using the test chat pane, the full error description is displayed.</description>
  <iscustomizable>0</iscustomizable>
  <name>On Error</name>
  <parentbotid>
    <schemaname>crb87_realEstateBookingService</schemaname>
  </parentbotid>
  <statecode>0</statecode>
  <statuscode>1</statuscode>
</botcomponent>