<ImportExportXml version="9.2.24021.188" SolutionPackageVersion="9.2" languagecode="1033" generatedBy="CrmLive" xmlns:xsi="http://www.w3.org/2001/XMLSchema-instance">
  <SolutionManifest>
    <UniqueName>AnimalShelterSolution</UniqueName>
    <LocalizedNames>
      <LocalizedName description="Animal Shelter Solution" languagecode="1033" />
    </LocalizedNames>
    <Descriptions />
    <Version>1.0.0.7</Version>
    <Managed>0</Managed>
    <Publisher>
      <UniqueName>PowerPlatform</UniqueName>
      <LocalizedNames>
        <LocalizedName description="Power Platform" languagecode="1033" />
      </LocalizedNames>
      <Descriptions>
        <Description description="Publish for the School Maintenance Solution" languagecode="1033" />
      </Descriptions>
      <EMailAddress xsi:nil="true"></EMailAddress>
      <SupportingWebsiteUrl xsi:nil="true"></SupportingWebsiteUrl>
      <CustomizationPrefix>pp</CustomizationPrefix>
      <CustomizationOptionValuePrefix>55555</CustomizationOptionValuePrefix>
      <Addresses>
        <Address>
          <AddressNumber>1</AddressNumber>
          <AddressTypeCode>1</AddressTypeCode>
          <City xsi:nil="true"></City>
          <County xsi:nil="true"></County>
          <Country xsi:nil="true"></Country>
          <Fax xsi:nil="true"></Fax>
          <FreightTermsCode xsi:nil="true"></FreightTermsCode>
          <ImportSequenceNumber xsi:nil="true"></ImportSequenceNumber>
          <Latitude xsi:nil="true"></Latitude>
          <Line1 xsi:nil="true"></Line1>
          <Line2 xsi:nil="true"></Line2>
          <Line3 xsi:nil="true"></Line3>
          <Longitude xsi:nil="true"></Longitude>
          <Name xsi:nil="true"></Name>
          <PostalCode xsi:nil="true"></PostalCode>
          <PostOfficeBox xsi:nil="true"></PostOfficeBox>
          <PrimaryContactName xsi:nil="true"></PrimaryContactName>
          <ShippingMethodCode>1</ShippingMethodCode>
          <StateOrProvince xsi:nil="true"></StateOrProvince>
          <Telephone1 xsi:nil="true"></Telephone1>
          <Telephone2 xsi:nil="true"></Telephone2>
          <Telephone3 xsi:nil="true"></Telephone3>
          <TimeZoneRuleVersionNumber xsi:nil="true"></TimeZoneRuleVersionNumber>
          <UPSZone xsi:nil="true"></UPSZone>
          <UTCOffset xsi:nil="true"></UTCOffset>
          <UTCConversionTimeZoneCode xsi:nil="true"></UTCConversionTimeZoneCode>
        </Address>
        <Address>
          <AddressNumber>2</AddressNumber>
          <AddressTypeCode>1</AddressTypeCode>
          <City xsi:nil="true"></City>
          <County xsi:nil="true"></County>
          <Country xsi:nil="true"></Country>
          <Fax xsi:nil="true"></Fax>
          <FreightTermsCode xsi:nil="true"></FreightTermsCode>
          <ImportSequenceNumber xsi:nil="true"></ImportSequenceNumber>
          <Latitude xsi:nil="true"></Latitude>
          <Line1 xsi:nil="true"></Line1>
          <Line2 xsi:nil="true"></Line2>
          <Line3 xsi:nil="true"></Line3>
          <Longitude xsi:nil="true"></Longitude>
          <Name xsi:nil="true"></Name>
          <PostalCode xsi:nil="true"></PostalCode>
          <PostOfficeBox xsi:nil="true"></PostOfficeBox>
          <PrimaryContactName xsi:nil="true"></PrimaryContactName>
          <ShippingMethodCode>1</ShippingMethodCode>
          <StateOrProvince xsi:nil="true"></StateOrProvince>
          <Telephone1 xsi:nil="true"></Telephone1>
          <Telephone2 xsi:nil="true"></Telephone2>
          <Telephone3 xsi:nil="true"></Telephone3>
          <TimeZoneRuleVersionNumber xsi:nil="true"></TimeZoneRuleVersionNumber>
          <UPSZone xsi:nil="true"></UPSZone>
          <UTCOffset xsi:nil="true"></UTCOffset>
          <UTCConversionTimeZoneCode xsi:nil="true"></UTCConversionTimeZoneCode>
        </Address>
      </Addresses>
    </Publisher>
    <RootComponents>
      <RootComponent type="1" schemaName="pp_adopter" behavior="0" />
      <RootComponent type="1" schemaName="pp_animal" behavior="0" />
      <RootComponent type="1" schemaName="pp_animalshelterbusinessprocessflow" behavior="0" />
      <RootComponent type="1" schemaName="pp_fosterfamily" behavior="0" />
      <RootComponent type="1" schemaName="pp_shelter" behavior="0" />
      <RootComponent type="20" id="{059fe172-96d9-ee11-904d-000d3a991110}" behavior="0" />
      <RootComponent type="20" id="{1456eae8-71d3-ee11-9079-000d3a994515}" behavior="0" />
      <RootComponent type="29" id="{14fd7be7-4fd3-ee11-9079-000d3a994515}" behavior="0" />
      <RootComponent type="29" id="{478ad463-bbd2-ee11-9079-000d3a994515}" behavior="0" />
      <RootComponent type="29" id="{68b4bb73-61db-ee11-904d-000d3a991110}" behavior="0" />
      <RootComponent type="29" id="{7548dc4d-7bcf-ee11-9079-000d3a994515}" behavior="0" />
      <RootComponent type="29" id="{c482da78-51db-ee11-904d-000d3a991110}" behavior="0" />
      <RootComponent type="29" id="{d74b3939-4bdb-ee11-904d-000d3a991110}" behavior="0" />
      <RootComponent type="29" id="{dbeaa85f-30dc-ee11-904d-000d3a991110}" behavior="0" />
      <RootComponent type="60" id="{66bcc076-6cd3-ee11-9079-000d3a994515}" behavior="0" />
      <RootComponent type="60" id="{8aa1a812-fadf-ee11-904d-000d3a991110}" behavior="0" />
      <RootComponent type="61" schemaName="pp_AngelIcon" behavior="0" />
      <RootComponent type="61" schemaName="pp_FamilyIcon" behavior="0" />
      <RootComponent type="61" schemaName="pp_FosterFamilyIcon" behavior="0" />
      <RootComponent type="61" schemaName="pp_HeartIcon" behavior="0" />
      <RootComponent type="61" schemaName="pp_PawIcon" behavior="0" />
      <RootComponent type="61" schemaName="pp_PetIcon" behavior="0" />
      <RootComponent type="61" schemaName="pp_PetShelterIcon" behavior="0" />
      <RootComponent type="61" schemaName="pp_PowerAppsIcon" behavior="0" />
      <RootComponent type="61" schemaName="pp_PowerBiIcon" behavior="0" />
      <RootComponent type="61" schemaName="pp_SheildHome" behavior="0" />
      <RootComponent type="62" schemaName="pp_AnimalSheltermodeldrivenapp" behavior="0" />
      <RootComponent type="80" schemaName="pp_AnimalSheltermodeldrivenapp" behavior="0" />
      <RootComponent type="300" schemaName="pp_animalsheltercanvasappv2_5242a" behavior="0" />
      <RootComponent type="431" schemaName="pp_animal pp_animalphoto" behavior="0" />
    </RootComponents>
    <MissingDependencies>
      <MissingDependency>
        <Required type="61" schemaName="msdyn_/Images/AppModule_Default_Icon.png" displayName="msdyn_/Images/AppModule_Default_Icon.png" solution="AppModuleWebResources (2.5)" />
        <Dependent type="80" schemaName="pp_AnimalSheltermodeldrivenapp" displayName="Animal Shelter model-driven app" />
      </MissingDependency>
      <MissingDependency>
        <Required type="66" schemaName="MscrmControls.NumberInput.NumberInputControl" displayName="MscrmControls.NumberInput.NumberInputControl" solution="BaseCustomControlsCore (9.0.2402.1020)" />
        <Dependent type="60" displayName="Shelter Main Form" parentDisplayName="Shelter" id="{88793ecf-a954-482d-94d2-fe20046c9f26}" />
      </MissingDependency>
      <MissingDependency>
        <Required type="66" schemaName="MscrmControls.OptionSet.OptionSetControl" displayName="MscrmControls.OptionSet.OptionSetControl" solution="CustomControlsCore (9.2.24021.00188)" />
        <Dependent type="60" displayName="Animal Main Form" parentDisplayName="Animal" id="{333cc465-5bcf-ee11-9079-000d3a994515}" />
      </MissingDependency>
      <MissingDependency>
        <Required type="SettingDefinition" displayName="AppChannel" solution="msdyn_AppFrameworkInfraExtensions (1.0.0.6)" id.uniquename="AppChannel" />
        <Dependent type="AppSetting" displayName="parentappmoduleid.uniquename=pp_AnimalSheltermodeldrivenapp,settingdefinitionid.uniquename=AppChannel" id.parentappmoduleid.uniquename="pp_AnimalSheltermodeldrivenapp" id.settingdefinitionid.uniquename="AppChannel" />
      </MissingDependency>
    </MissingDependencies>
  </SolutionManifest>
</ImportExportXml>