{
  "properties": {
    "connectionReferences": {
      "shared_commondataserviceforapps_1": {
        "runtimeSource": "embedded",
        "connection": {
          "connectionReferenceLogicalName": "pp_MicrosoftDataverse"
        },
        "api": {
          "name": "shared_commondataserviceforapps"
        }
      }
    },
    "definition": {
      "$schema": "https://schema.management.azure.com/providers/Microsoft.Logic/schemas/2016-06-01/workflowdefinition.json#",
      "contentVersion": "1.0.0.0",
      "parameters": {
        "$connections": {
          "defaultValue": {},
          "type": "Object"
        },
        "$authentication": {
          "defaultValue": {},
          "type": "SecureObject"
        }
      },
      "triggers": {
        "When_a_row_is_added,_modified_or_deleted": {
          "metadata": {
            "operationMetadataId": "b3841666-cbf6-4e75-8571-20e205c8940d"
          },
          "type": "OpenApiConnectionWebhook",
          "inputs": {
            "host": {
              "connectionName": "shared_commondataserviceforapps_1",
              "operationId": "SubscribeWebhookTrigger",
              "apiId": "/providers/Microsoft.PowerApps/apis/shared_commondataserviceforapps"
            },
            "parameters": {
              "subscriptionRequest/message": 7,
              "subscriptionRequest/entityname": "pp_animal",
              "subscriptionRequest/scope": 4
            },
            "authentication": "@parameters('$authentication')"
          }
        }
      },
      "actions": {
        "List_Shelter_rows": {
          "runAfter": {
            "Initialize_varShelterName": [
              "Succeeded"
            ]
          },
          "metadata": {
            "operationMetadataId": "14303599-c522-4da1-ae03-b9994878f6c5"
          },
          "type": "OpenApiConnection",
          "inputs": {
            "host": {
              "connectionName": "shared_commondataserviceforapps_1",
              "operationId": "ListRecords",
              "apiId": "/providers/Microsoft.PowerApps/apis/shared_commondataserviceforapps"
            },
            "parameters": {
              "entityName": "pp_shelters"
            },
            "authentication": "@parameters('$authentication')"
          }
        },
        "Apply_to_each": {
          "foreach": "@outputs('List_Shelter_rows')?['body/value']",
          "actions": {
            "Set_varShelterName": {
              "runAfter": {},
              "metadata": {
                "operationMetadataId": "dbb927b2-b33f-4989-8d37-d9053ed47e72"
              },
              "type": "SetVariable",
              "inputs": {
                "name": "varShelterName",
                "value": "@items('Apply_to_each')?['pp_sheltername']"
              }
            },
            "List_Animal_rows": {
              "runAfter": {
                "Compose_Capacity": [
                  "Succeeded"
                ]
              },
              "metadata": {
                "operationMetadataId": "4e64f80f-43eb-4bce-bc61-1c29836a2cdc"
              },
              "type": "OpenApiConnection",
              "inputs": {
                "host": {
                  "connectionName": "shared_commondataserviceforapps_1",
                  "operationId": "ListRecords",
                  "apiId": "/providers/Microsoft.PowerApps/apis/shared_commondataserviceforapps"
                },
                "parameters": {
                  "entityName": "pp_animals",
                  "$filter": "_pp_currentlocationid_value eq '@{items('Apply_to_each')?['pp_shelterid']}'"
                },
                "authentication": "@parameters('$authentication')"
              }
            },
            "Update_a_row": {
              "runAfter": {
                "Compose_Availability": [
                  "Succeeded"
                ]
              },
              "metadata": {
                "operationMetadataId": "9b1b5293-c029-40ab-a8b8-dc5d6de02a42"
              },
              "type": "OpenApiConnection",
              "inputs": {
                "host": {
                  "connectionName": "shared_commondataserviceforapps_1",
                  "operationId": "UpdateRecord",
                  "apiId": "/providers/Microsoft.PowerApps/apis/shared_commondataserviceforapps"
                },
                "parameters": {
                  "entityName": "pp_shelters",
                  "recordId": "@items('Apply_to_each')?['pp_shelterid']",
                  "item/pp_shelteravailability": "@outputs('Compose_Availability')"
                },
                "authentication": "@parameters('$authentication')"
              }
            },
            "Compose_Capacity": {
              "runAfter": {
                "Set_varShelterName": [
                  "Succeeded"
                ]
              },
              "metadata": {
                "operationMetadataId": "5cf4ef16-9a72-4d6f-ba33-65afbf104202"
              },
              "type": "Compose",
              "inputs": "@items('Apply_to_each')?['pp_sheltercapacity']"
            },
            "Compose_Occupancy": {
              "runAfter": {
                "List_Animal_rows": [
                  "Succeeded"
                ]
              },
              "metadata": {
                "operationMetadataId": "46cc1d06-a11d-4265-9a4d-0367d1b37f84"
              },
              "type": "Compose",
              "inputs": "@length(outputs('List_Animal_rows')?['body/value'])"
            },
            "Compose_Availability": {
              "runAfter": {
                "Compose_Occupancy": [
                  "Succeeded"
                ]
              },
              "metadata": {
                "operationMetadataId": "a9962b46-1114-411a-a708-8630e71f6548"
              },
              "type": "Compose",
              "inputs": "@sub(outputs('Compose_Capacity'),outputs('Compose_Occupancy'))"
            }
          },
          "runAfter": {
            "List_Shelter_rows": [
              "Succeeded"
            ]
          },
          "metadata": {
            "operationMetadataId": "7596aa91-c290-4b5a-ae97-092fd3ce98e8"
          },
          "type": "Foreach"
        },
        "Initialize_varShelterName": {
          "runAfter": {},
          "metadata": {
            "operationMetadataId": "04d29b67-774c-4258-b6a4-16f2f7670d95"
          },
          "type": "InitializeVariable",
          "inputs": {
            "variables": [
              {
                "name": "varShelterName",
                "type": "string"
              }
            ]
          }
        }
      }
    },
    "templateName": ""
  },
  "schemaVersion": "1.0.0.0"
}