{
  "properties": {
    "connectionReferences": {
      "shared_commondataserviceforapps_1": {
        "runtimeSource": "embedded",
        "connection": {
          "connectionReferenceLogicalName": "pp_MicrosoftDataverse"
        },
        "api": {
          "name": "shared_commondataserviceforapps"
        }
      },
      "shared_outlook": {
        "runtimeSource": "embedded",
        "connection": {
          "connectionReferenceLogicalName": "pp_Outlook"
        },
        "api": {
          "name": "shared_outlook"
        }
      }
    },
    "definition": {
      "$schema": "https://schema.management.azure.com/providers/Microsoft.Logic/schemas/2016-06-01/workflowdefinition.json#",
      "contentVersion": "1.0.0.0",
      "parameters": {
        "$connections": {
          "defaultValue": {},
          "type": "Object"
        },
        "$authentication": {
          "defaultValue": {},
          "type": "SecureObject"
        }
      },
      "triggers": {
        "When_a_row_is_added,_modified_or_deleted": {
          "metadata": {
            "operationMetadataId": "c6affd88-d329-4e3e-96be-3e2195c37384"
          },
          "type": "OpenApiConnectionWebhook",
          "inputs": {
            "host": {
              "connectionName": "shared_commondataserviceforapps_1",
              "operationId": "SubscribeWebhookTrigger",
              "apiId": "/providers/Microsoft.PowerApps/apis/shared_commondataserviceforapps"
            },
            "parameters": {
              "subscriptionRequest/message": 7,
              "subscriptionRequest/entityname": "pp_animal",
              "subscriptionRequest/scope": 4
            },
            "authentication": "@parameters('$authentication')"
          }
        }
      },
      "actions": {
        "List_Animal_rows": {
          "runAfter": {},
          "metadata": {
            "operationMetadataId": "03dbca18-aa6c-469f-a727-ed375d060cb7"
          },
          "type": "OpenApiConnection",
          "inputs": {
            "host": {
              "connectionName": "shared_commondataserviceforapps_1",
              "operationId": "ListRecords",
              "apiId": "/providers/Microsoft.PowerApps/apis/shared_commondataserviceforapps"
            },
            "parameters": {
              "entityName": "pp_animals",
              "$filter": "pp_animalid eq '@{triggerOutputs()?['body/pp_animalid']}'",
              "fetchXml": "<fetch>\n  <entity name=\"pp_animal\">\n    <attribute name=\"pp_animalid\" />\n    <attribute name=\"pp_animalname\" />\n    <attribute name=\"pp_adopter\" />\n    <attribute name=\"pp_fosterclaimer\" />\n    <attribute name=\"pp_shelterstatus\" />\n    <filter>\n      <condition attribute=\"pp_shelterstatus\" operator=\"in\">\n        <value>555550006</value>\n      </condition>\n    </filter>\n    <filter>\n      <condition attribute=\"modifiedon\" operator=\"today\" />\n    </filter>\n  </entity>\n</fetch>"
            },
            "authentication": "@parameters('$authentication')"
          }
        },
        "Scope_foster": {
          "actions": {
            "Apply_to_each_fostered_animal": {
              "foreach": "@outputs('List_Animal_rows')?['body/value']",
              "actions": {
                "Condition_if_foster": {
                  "actions": {
                    "List_Foster_Family_rows": {
                      "runAfter": {},
                      "metadata": {
                        "operationMetadataId": "70a25d51-7f4c-492d-b81c-535335110c96"
                      },
                      "type": "OpenApiConnection",
                      "inputs": {
                        "host": {
                          "connectionName": "shared_commondataserviceforapps_1",
                          "operationId": "ListRecords",
                          "apiId": "/providers/Microsoft.PowerApps/apis/shared_commondataserviceforapps"
                        },
                        "parameters": {
                          "entityName": "pp_fosterfamilies",
                          "$filter": "pp_fosterfamilyid eq '@{items('Apply_to_each_fostered_animal')?['_pp_fosterclaimer_value']}'"
                        },
                        "authentication": "@parameters('$authentication')"
                      }
                    },
                    "Apply_to_each_foster_family": {
                      "foreach": "@outputs('List_Foster_Family_rows')?['body/value']",
                      "actions": {
                        "Send_an_email_to_foster_family": {
                          "runAfter": {},
                          "metadata": {
                            "operationMetadataId": "65649fe5-89c9-44fe-811e-23df08218a2c"
                          },
                          "type": "OpenApiConnection",
                          "inputs": {
                            "host": {
                              "connectionName": "shared_outlook",
                              "operationId": "SendEmailV2",
                              "apiId": "/providers/Microsoft.PowerApps/apis/shared_outlook"
                            },
                            "parameters": {
                              "emailMessage/To": "@items('Apply_to_each_foster_family')?['pp_fosteremail']",
                              "emailMessage/Subject": "Fostering of @{items('Apply_to_each_fostered_animal')?['pp_animalname']}",
                              "emailMessage/Body": "<p>Dear @{items('Apply_to_each_foster_family')?['pp_fosterclaimername']},<br>\n<br>\nThank you for fostering @{items('Apply_to_each_fostered_animal')?['pp_animalname']}. You may pick the up your new loved one Monday, Wednesday or Friday between 1PM and 5PM.<br>\n<br>\nBest regards,<br>\n<br>\n@{items('Apply_to_each_fostered_animal')?['_pp_currentlocationid_value']}</p>",
                              "emailMessage/Importance": "Normal"
                            },
                            "authentication": "@parameters('$authentication')"
                          }
                        },
                        "Get_a_row_by_ID": {
                          "runAfter": {
                            "Send_an_email_to_foster_family": [
                              "Succeeded"
                            ]
                          },
                          "metadata": {
                            "operationMetadataId": "b8fb868b-32a0-493b-97ad-2e212320fc89"
                          },
                          "type": "OpenApiConnection",
                          "inputs": {
                            "host": {
                              "connectionName": "shared_commondataserviceforapps_1",
                              "operationId": "GetItem",
                              "apiId": "/providers/Microsoft.PowerApps/apis/shared_commondataserviceforapps"
                            },
                            "parameters": {
                              "entityName": "pp_animals",
                              "recordId": "@items('Apply_to_each_fostered_animal')?['pp_animalid']"
                            },
                            "authentication": "@parameters('$authentication')"
                          }
                        },
                        "Add_a_new_row": {
                          "runAfter": {
                            "Get_a_row_by_ID": [
                              "Succeeded"
                            ]
                          },
                          "metadata": {
                            "operationMetadataId": "a340d0b7-9ada-42fc-9e9f-ba43ac19666b"
                          },
                          "type": "OpenApiConnection",
                          "inputs": {
                            "host": {
                              "connectionName": "shared_commondataserviceforapps_1",
                              "operationId": "CreateRecord",
                              "apiId": "/providers/Microsoft.PowerApps/apis/shared_commondataserviceforapps"
                            },
                            "parameters": {
                              "entityName": "annotations",
                              "item/subject": "Animal Claimed for Foster",
                              "item/notetext": ".@{outputs('Get_a_row_by_ID')?['body/pp_animalname']} was 'Claimed for Foster' using the Canvas app.\nOut look email was sent to @{outputs('Get_a_row_by_ID')?['body/_pp_fosterclaimer_value']} to pikc up animal at @{outputs('Get_a_row_by_ID')?['body/_pp_currentlocationid_value']}",
                              "item/objectid_pp_animal@odata.bind": "@outputs('Get_a_row_by_ID')?['body/pp_animalid']"
                            },
                            "authentication": "@parameters('$authentication')"
                          }
                        }
                      },
                      "runAfter": {
                        "List_Foster_Family_rows": [
                          "Succeeded"
                        ]
                      },
                      "metadata": {
                        "operationMetadataId": "9a8da738-2307-4132-ab03-537a0c342bef"
                      },
                      "type": "Foreach"
                    }
                  },
                  "runAfter": {},
                  "expression": {
                    "equals": [
                      "@items('Apply_to_each_fostered_animal')?['pp_shelterstatus']",
                      555550006
                    ]
                  },
                  "metadata": {
                    "operationMetadataId": "8978b8ad-136d-4321-aa76-2f18e589d1db"
                  },
                  "type": "If"
                }
              },
              "runAfter": {},
              "metadata": {
                "operationMetadataId": "b74319d9-eda7-4de0-91c3-32be10b225a1"
              },
              "type": "Foreach"
            }
          },
          "runAfter": {
            "List_Animal_rows": [
              "Succeeded"
            ]
          },
          "metadata": {
            "operationMetadataId": "9bb408b7-1f74-45f2-a533-b55fe48e98d1"
          },
          "type": "Scope"
        }
      },
      "outputs": {}
    },
    "templateName": ""
  },
  "schemaVersion": "1.0.0.0"
}