{
  "properties": {
    "connectionReferences": {
      "shared_commondataserviceforapps_1": {
        "runtimeSource": "embedded",
        "connection": {
          "connectionReferenceLogicalName": "pp_MicrosoftDataverse"
        },
        "api": {
          "name": "shared_commondataserviceforapps"
        }
      },
      "shared_outlook": {
        "runtimeSource": "embedded",
        "connection": {
          "connectionReferenceLogicalName": "pp_Outlook"
        },
        "api": {
          "name": "shared_outlook"
        }
      }
    },
    "definition": {
      "$schema": "https://schema.management.azure.com/providers/Microsoft.Logic/schemas/2016-06-01/workflowdefinition.json#",
      "contentVersion": "1.0.0.0",
      "parameters": {
        "$connections": {
          "defaultValue": {},
          "type": "Object"
        },
        "$authentication": {
          "defaultValue": {},
          "type": "SecureObject"
        }
      },
      "triggers": {
        "When_a_row_is_added,_modified_or_deleted": {
          "metadata": {
            "operationMetadataId": "c6affd88-d329-4e3e-96be-3e2195c37384"
          },
          "type": "OpenApiConnectionWebhook",
          "inputs": {
            "host": {
              "connectionName": "shared_commondataserviceforapps_1",
              "operationId": "SubscribeWebhookTrigger",
              "apiId": "/providers/Microsoft.PowerApps/apis/shared_commondataserviceforapps"
            },
            "parameters": {
              "subscriptionRequest/message": 7,
              "subscriptionRequest/entityname": "pp_animal",
              "subscriptionRequest/scope": 4
            },
            "authentication": "@parameters('$authentication')"
          }
        }
      },
      "actions": {
        "Scope_adopt": {
          "actions": {
            "Apply_to_each_adopted_animal": {
              "foreach": "@outputs('List_Animal_rows')?['body/value']",
              "actions": {
                "Condition_if_adopter": {
                  "actions": {
                    "List_Adopter_rows": {
                      "runAfter": {},
                      "metadata": {
                        "operationMetadataId": "2557b7f2-3299-4090-863a-a76e11ecfa32"
                      },
                      "type": "OpenApiConnection",
                      "inputs": {
                        "host": {
                          "connectionName": "shared_commondataserviceforapps_1",
                          "operationId": "ListRecords",
                          "apiId": "/providers/Microsoft.PowerApps/apis/shared_commondataserviceforapps"
                        },
                        "parameters": {
                          "entityName": "pp_adopters",
                          "$filter": "pp_adopterid eq '@{items('Apply_to_each_adopted_animal')?['_pp_adopter_value']}'"
                        },
                        "authentication": "@parameters('$authentication')"
                      }
                    },
                    "Apply_to_each_adopter": {
                      "foreach": "@outputs('List_Adopter_rows')?['body/value']",
                      "actions": {
                        "Send_an_email_to_adopter": {
                          "runAfter": {},
                          "metadata": {
                            "operationMetadataId": "fa6cc3aa-08fd-4187-b69a-12881cd6976f"
                          },
                          "type": "OpenApiConnection",
                          "inputs": {
                            "host": {
                              "connectionName": "shared_outlook",
                              "operationId": "SendEmailV2",
                              "apiId": "/providers/Microsoft.PowerApps/apis/shared_outlook"
                            },
                            "parameters": {
                              "emailMessage/To": "@items('Apply_to_each_adopter')?['pp_adopteremail']",
                              "emailMessage/Subject": "Adoption of @{items('Apply_to_each_adopted_animal')?['pp_animalname']}",
                              "emailMessage/Body": "<p>Deater @{items('Apply_to_each_adopter')?['pp_adoptername']},<br>\n<br>\nThank you for adopting @{items('Apply_to_each_adopted_animal')?['pp_animalname']}. You may pick up your new loved one Tuesday or Thursday between 9AM and 12PM.<br>\n<br>\nBest regards,<br>\n<br>\n@{items('Apply_to_each_adopted_animal')?['_pp_currentlocationid_value']}</p>",
                              "emailMessage/Importance": "Normal"
                            },
                            "authentication": "@parameters('$authentication')"
                          }
                        },
                        "Get_a_row_by_ID": {
                          "runAfter": {
                            "Send_an_email_to_adopter": [
                              "Succeeded"
                            ]
                          },
                          "metadata": {
                            "operationMetadataId": "158b2858-ea2c-45d3-b9cc-f8bdfd3a5a74"
                          },
                          "type": "OpenApiConnection",
                          "inputs": {
                            "host": {
                              "connectionName": "shared_commondataserviceforapps_1",
                              "operationId": "GetItem",
                              "apiId": "/providers/Microsoft.PowerApps/apis/shared_commondataserviceforapps"
                            },
                            "parameters": {
                              "entityName": "pp_animals",
                              "recordId": "@items('Apply_to_each_adopted_animal')?['pp_animalid']"
                            },
                            "authentication": "@parameters('$authentication')"
                          }
                        },
                        "Add_a_new_note": {
                          "runAfter": {
                            "Get_a_row_by_ID": [
                              "Succeeded"
                            ]
                          },
                          "metadata": {
                            "operationMetadataId": "9e72d19b-4bab-4fe0-86e0-6f7f744871fe"
                          },
                          "type": "OpenApiConnection",
                          "inputs": {
                            "host": {
                              "connectionName": "shared_commondataserviceforapps_1",
                              "operationId": "CreateRecord",
                              "apiId": "/providers/Microsoft.PowerApps/apis/shared_commondataserviceforapps"
                            },
                            "parameters": {
                              "entityName": "annotations",
                              "item/subject": "Animal Claimed for Adopton",
                              "item/notetext": "@{outputs('Get_a_row_by_ID')?['body/pp_animalname']} was 'Claimed for Adoption using the Canvas app. Outlook email was sent to @{items('Apply_to_each_adopter')?['pp_adoptername']}to pick up animal at @{outputs('Get_a_row_by_ID')?['body/_pp_currentlocationid_value']}. ",
                              "item/objectid_pp_animal@odata.bind": "@outputs('Get_a_row_by_ID')?['body/pp_animalid']"
                            },
                            "authentication": "@parameters('$authentication')"
                          }
                        }
                      },
                      "runAfter": {
                        "List_Adopter_rows": [
                          "Succeeded"
                        ]
                      },
                      "metadata": {
                        "operationMetadataId": "3b4a35c9-b022-4bf3-9d71-bfc6a82d89f9"
                      },
                      "type": "Foreach"
                    }
                  },
                  "runAfter": {},
                  "expression": {
                    "equals": [
                      "@items('Apply_to_each_adopted_animal')?['pp_shelterstatus']",
                      555550005
                    ]
                  },
                  "metadata": {
                    "operationMetadataId": "da85c41d-da58-49e6-bf0a-e3bc9e4086ac"
                  },
                  "type": "If"
                }
              },
              "runAfter": {},
              "metadata": {
                "operationMetadataId": "15bdf990-4cb2-44ef-b548-c26130fe3efc"
              },
              "type": "Foreach"
            }
          },
          "runAfter": {
            "Terminate": [
              "Succeeded"
            ]
          },
          "metadata": {
            "operationMetadataId": "eb5f2130-e13e-4911-adf0-f18c91cc1eb8"
          },
          "type": "Scope"
        },
        "Try": {
          "actions": {
            "List_Animal_rows": {
              "runAfter": {},
              "metadata": {
                "operationMetadataId": "03dbca18-aa6c-469f-a727-ed375d060cb7"
              },
              "type": "OpenApiConnection",
              "inputs": {
                "host": {
                  "connectionName": "shared_commondataserviceforapps_1",
                  "operationId": "ListRecords",
                  "apiId": "/providers/Microsoft.PowerApps/apis/shared_commondataserviceforapps"
                },
                "parameters": {
                  "entityName": "pp_animals",
                  "$filter": "pp_animalid eq '@{triggerOutputs()?['body/pp_animalid']}'",
                  "fetchXml": "<fetch>\n  <entity name=\"pp_animal\">\n    <attribute name=\"pp_animalid\" />\n    <attribute name=\"pp_animalname\" />\n    <attribute name=\"pp_adopter\" />\n    <attribute name=\"pp_fosterclaimer\" />\n    <attribute name=\"pp_shelterstatus\" />\n    <attribute name=\"pp_currentlocationid\" />\n    <filter>\n      <condition attribute=\"pp_shelterstatus\" operator=\"in\">\n        <value>555550005</value>\n      </condition>\n    </filter>\n    <filter>\n      <condition attribute=\"modifiedon\" operator=\"today\" />\n    </filter>\n  </entity>\n</fetch>"
                },
                "authentication": "@parameters('$authentication')"
              }
            },
            "Apply_to_each": {
              "foreach": "@outputs('List_Animal_rows')?['body/value']",
              "actions": {
                "Compose_current_location": {
                  "runAfter": {},
                  "metadata": {
                    "operationMetadataId": "b843e99e-5352-47c3-91ba-14b207a0b329"
                  },
                  "type": "Compose",
                  "inputs": "@items('Apply_to_each')?['_pp_currentlocationid_value']"
                }
              },
              "runAfter": {
                "List_Animal_rows": [
                  "Succeeded"
                ]
              },
              "metadata": {
                "operationMetadataId": "1b7f1ff8-ce0d-4432-88bd-387ffe699f92"
              },
              "type": "Foreach"
            }
          },
          "runAfter": {},
          "metadata": {
            "operationMetadataId": "3681b874-2c77-4c21-8e8f-7365669ffa38"
          },
          "type": "Scope"
        },
        "Terminate": {
          "runAfter": {
            "Try": [
              "Succeeded"
            ]
          },
          "metadata": {
            "operationMetadataId": "f21c11d0-b8f3-4661-a67a-11d7d0ebbab2"
          },
          "type": "Terminate",
          "inputs": {
            "runStatus": "Succeeded"
          }
        }
      },
      "outputs": {}
    },
    "templateName": ""
  },
  "schemaVersion": "1.0.0.0"
}