<ImportExportXml version="9.2.24021.188" SolutionPackageVersion="9.2" languagecode="1033" generatedBy="CrmLive" xmlns:xsi="http://www.w3.org/2001/XMLSchema-instance">
  <SolutionManifest>
    <UniqueName>RealEstateSolution</UniqueName>
    <LocalizedNames>
      <LocalizedName description="Real Estate Solution " languagecode="1033" />
    </LocalizedNames>
    <Descriptions />
    <Version>1.0.0.1</Version>
    <Managed>0</Managed>
    <Publisher>
      <UniqueName>Contoso</UniqueName>
      <LocalizedNames>
        <LocalizedName description="Contoso" languagecode="1033" />
      </LocalizedNames>
      <Descriptions />
      <EMailAddress xsi:nil="true"></EMailAddress>
      <SupportingWebsiteUrl xsi:nil="true"></SupportingWebsiteUrl>
      <CustomizationPrefix>contoso</CustomizationPrefix>
      <CustomizationOptionValuePrefix>33065</CustomizationOptionValuePrefix>
      <Addresses>
        <Address>
          <AddressNumber>1</AddressNumber>
          <AddressTypeCode>1</AddressTypeCode>
          <City xsi:nil="true"></City>
          <County xsi:nil="true"></County>
          <Country xsi:nil="true"></Country>
          <Fax xsi:nil="true"></Fax>
          <FreightTermsCode xsi:nil="true"></FreightTermsCode>
          <ImportSequenceNumber xsi:nil="true"></ImportSequenceNumber>
          <Latitude xsi:nil="true"></Latitude>
          <Line1 xsi:nil="true"></Line1>
          <Line2 xsi:nil="true"></Line2>
          <Line3 xsi:nil="true"></Line3>
          <Longitude xsi:nil="true"></Longitude>
          <Name xsi:nil="true"></Name>
          <PostalCode xsi:nil="true"></PostalCode>
          <PostOfficeBox xsi:nil="true"></PostOfficeBox>
          <PrimaryContactName xsi:nil="true"></PrimaryContactName>
          <ShippingMethodCode>1</ShippingMethodCode>
          <StateOrProvince xsi:nil="true"></StateOrProvince>
          <Telephone1 xsi:nil="true"></Telephone1>
          <Telephone2 xsi:nil="true"></Telephone2>
          <Telephone3 xsi:nil="true"></Telephone3>
          <TimeZoneRuleVersionNumber xsi:nil="true"></TimeZoneRuleVersionNumber>
          <UPSZone xsi:nil="true"></UPSZone>
          <UTCOffset xsi:nil="true"></UTCOffset>
          <UTCConversionTimeZoneCode xsi:nil="true"></UTCConversionTimeZoneCode>
        </Address>
        <Address>
          <AddressNumber>2</AddressNumber>
          <AddressTypeCode>1</AddressTypeCode>
          <City xsi:nil="true"></City>
          <County xsi:nil="true"></County>
          <Country xsi:nil="true"></Country>
          <Fax xsi:nil="true"></Fax>
          <FreightTermsCode xsi:nil="true"></FreightTermsCode>
          <ImportSequenceNumber xsi:nil="true"></ImportSequenceNumber>
          <Latitude xsi:nil="true"></Latitude>
          <Line1 xsi:nil="true"></Line1>
          <Line2 xsi:nil="true"></Line2>
          <Line3 xsi:nil="true"></Line3>
          <Longitude xsi:nil="true"></Longitude>
          <Name xsi:nil="true"></Name>
          <PostalCode xsi:nil="true"></PostalCode>
          <PostOfficeBox xsi:nil="true"></PostOfficeBox>
          <PrimaryContactName xsi:nil="true"></PrimaryContactName>
          <ShippingMethodCode>1</ShippingMethodCode>
          <StateOrProvince xsi:nil="true"></StateOrProvince>
          <Telephone1 xsi:nil="true"></Telephone1>
          <Telephone2 xsi:nil="true"></Telephone2>
          <Telephone3 xsi:nil="true"></Telephone3>
          <TimeZoneRuleVersionNumber xsi:nil="true"></TimeZoneRuleVersionNumber>
          <UPSZone xsi:nil="true"></UPSZone>
          <UTCOffset xsi:nil="true"></UTCOffset>
          <UTCConversionTimeZoneCode xsi:nil="true"></UTCConversionTimeZoneCode>
        </Address>
      </Addresses>
    </Publisher>
    <RootComponents>
      <RootComponent type="1" schemaName="crb87_realestateproperty" behavior="0" />
      <RootComponent type="1" schemaName="crb87_realestateshowings" behavior="0" />
      <RootComponent type="29" id="{45e666a8-7ae0-ee11-904d-000d3a991110}" behavior="0" />
      <RootComponent type="29" id="{aa08753f-91e0-ee11-904d-000d3a991110}" behavior="0" />
      <RootComponent type="300" schemaName="crb87_realestatepropertycanvasapp_781bd" behavior="0" />
      <RootComponent type="300" schemaName="crb87_realestateshowingscanvasapp_4ca09" behavior="0" />
    </RootComponents>
    <MissingDependencies>
      <MissingDependency>
        <Required type="161" displayName="autogenProfile-d1191eaa-87f8-4a75-a4ce-27af29551a65-802" solution="Active" id="{9ca3412c-78e0-ee11-904d-000d3a991110}" />
        <Dependent type="300" schemaName="crb87_realestateshowingscanvasapp_4ca09" displayName="Real Estate Showings canvas app" />
      </MissingDependency>
      <MissingDependency>
        <Required type="connectionreference" displayName="contoso_sharedapprovals_6315c" solution="Active" id.connectionreferencelogicalname="contoso_sharedapprovals_6315c" />
        <Dependent type="29" displayName="Extract details for Real Estate Showing" id="{aa08753f-91e0-ee11-904d-000d3a991110}" />
      </MissingDependency>
      <MissingDependency>
        <Required type="connectionreference" displayName="contoso_sharedteams_c7579" solution="Active" id.connectionreferencelogicalname="contoso_sharedteams_c7579" />
        <Dependent type="29" displayName="Extract details for Real Estate Showing" id="{aa08753f-91e0-ee11-904d-000d3a991110}" />
      </MissingDependency>
      <MissingDependency>
        <Required type="connectionreference" displayName="pp_MicrosoftDataverse" solution="Active" id.connectionreferencelogicalname="pp_MicrosoftDataverse" />
        <Dependent type="29" displayName="Extract details for Real Estate Showing" id="{aa08753f-91e0-ee11-904d-000d3a991110}" />
      </MissingDependency>
    </MissingDependencies>
  </SolutionManifest>
</ImportExportXml>