<ImportExportXml xmlns:xsi="http://www.w3.org/2001/XMLSchema-instance">
  <Entities></Entities>
  <Roles></Roles>
  <Workflows></Workflows>
  <FieldSecurityProfiles></FieldSecurityProfiles>
  <Templates />
  <EntityMaps />
  <EntityRelationships />
  <OrganizationSettings />
  <optionsets />
  <CustomControls />
  <EntityDataProviders />
  <CanvasApps>
    <CanvasApp>
      <Name>crb87_parkcategorycanvasapp_4b638</Name>
      <AppVersion>2024-03-08T15:26:39Z</AppVersion>
      <Status>Ready</Status>
      <CreatedByClientVersion>3.24023.14.0</CreatedByClientVersion>
      <MinClientVersion>3.24023.14.0</MinClientVersion>
      <Tags>{"primaryDeviceWidth":"1366","primaryDeviceHeight":"768","supportsPortrait":"true","supportsLandscape":"true","primaryFormFactor":"Tablet","showStatusBar":"false","publisherVersion":"3.24023.14","minimumRequiredApiVersion":"2.2.0","hasComponent":"false","hasUnlockedComponent":"false","isUnifiedRootApp":"false","offlineLargeFilesSupport":"false"}</Tags>
      <IsCdsUpgraded>0</IsCdsUpgraded>
      <GalleryItemId xsi:nil="true"></GalleryItemId>
      <BackgroundColor>RGBA(0,176,240,1)</BackgroundColor>
      <DisplayName>Park Category canvas app</DisplayName>
      <Description xsi:nil="true"></Description>
      <CommitMessage xsi:nil="true"></CommitMessage>
      <Publisher xsi:nil="true"></Publisher>
      <AuthorizationReferences>[]</AuthorizationReferences>
      <ConnectionReferences>{"db9f307e-cc55-42a8-a26d-2c0ad4cd79ed":{"id":"/providers/microsoft.powerapps/apis/shared_sql","xrmConnectionReferenceLogicalName":"crb87_563f68270eb94c28aec389b80fae3098","displayName":"SQL Server","executionRestrictions":{"version":1,"modifiedOn":"2024-03-08 15:26:37","appVer":"3.24023.14","apiId":"/providers/microsoft.powerapps/apis/shared_sql","apiVer":2,"policy":"{\"type\":\"tabular\",\"dataSources\":{\"[dbo].[parkcategory]\":[\"post\",\"patch\",\"get\",\"delete\"]}}"},"iconUri":"https://connectoricons-prod.azureedge.net/releases/v1.0.1680/1.0.1680.3652/sql/icon.png","dataSources":["[dbo].[ParkCategory]"],"dependencies":[],"dependents":[],"parameterHints":{},"parameterHintsV2":{},"isOnPremiseConnection":false,"sharedConnectionId":"ced2098a-f958-43fa-96da-1fc548c8c6d1","dataSets":{"pragmaticworks.database.windows.net,demo":{"dataSources":{"[dbo].[ParkCategory]":{"tableName":"[dbo].[ParkCategory]"}}}},"apiTier":"Premium","actions":["providers/PowerPlatform.Governance/Operations/Read","providers/PowerPlatform.Governance/Operations/Write","providers/PowerPlatform.Governance/Operations/Delete"],"endpoints":["pragmaticworks.database.windows.net,demo"],"authenticationType":"sqlAuthentication"}}</ConnectionReferences>
      <DatabaseReferences>{}</DatabaseReferences>
      <AppComponents>[]</AppComponents>
      <AppComponentDependencies>[]</AppComponentDependencies>
      <CanConsumeAppPass>1</CanConsumeAppPass>
      <CanvasAppType>0</CanvasAppType>
      <BypassConsent>0</BypassConsent>
      <AdminControlBypassConsent>0</AdminControlBypassConsent>
      <EmbeddedApp xsi:nil="true"></EmbeddedApp>
      <IntroducedVersion>1.0</IntroducedVersion>
      <CdsDependencies>{"cdsdependencies":[{"logicalname":"crb87_563f68270eb94c28aec389b80fae3098","componenttype":10090,"componenttypeplatformname":"ConnectionReference"}]}</CdsDependencies>
      <IsCustomizable>1</IsCustomizable>
      <BackgroundImageUri>/CanvasApps/crb87_parkcategorycanvasapp_4b638_BackgroundImageUri</BackgroundImageUri>
      <DocumentUri>/CanvasApps/crb87_parkcategorycanvasapp_4b638_DocumentUri.msapp</DocumentUri>
      <AdditionalUris>
        <AdditionalUri>/CanvasApps/crb87_parkcategorycanvasapp_4b638_AdditionalUris0_identity.json</AdditionalUri>
      </AdditionalUris>
    </CanvasApp>
    <CanvasApp>
      <Name>crb87_parkinspectioncanvasapp_6f064</Name>
      <AppVersion>2024-03-08T20:30:46Z</AppVersion>
      <Status>Ready</Status>
      <CreatedByClientVersion>3.24023.14.0</CreatedByClientVersion>
      <MinClientVersion>3.24023.14.0</MinClientVersion>
      <Tags>{"primaryDeviceWidth":"1366","primaryDeviceHeight":"768","supportsPortrait":"true","supportsLandscape":"true","primaryFormFactor":"Tablet","showStatusBar":"false","publisherVersion":"3.24023.14","minimumRequiredApiVersion":"2.2.0","hasComponent":"false","hasUnlockedComponent":"false","isUnifiedRootApp":"false","offlineLargeFilesSupport":"false"}</Tags>
      <IsCdsUpgraded>0</IsCdsUpgraded>
      <GalleryItemId xsi:nil="true"></GalleryItemId>
      <BackgroundColor>rgba(106, 122, 127, 1)</BackgroundColor>
      <DisplayName>Park Inspection canvas app</DisplayName>
      <Description xsi:nil="true"></Description>
      <CommitMessage xsi:nil="true"></CommitMessage>
      <Publisher xsi:nil="true"></Publisher>
      <AuthorizationReferences>[]</AuthorizationReferences>
      <ConnectionReferences>{"857a5401-0987-44d3-8bbc-98c404cf4cf9":{"id":"/providers/microsoft.powerapps/apis/shared_sql","xrmConnectionReferenceLogicalName":"crb87_563f68270eb94c28aec389b80fae3098","displayName":"SQL Server","executionRestrictions":{"version":1,"modifiedOn":"2024-03-08 20:30:45","appVer":"3.24023.14","apiId":"/providers/microsoft.powerapps/apis/shared_sql","apiVer":2,"policy":"{\"type\":\"tabular\",\"dataSources\":{\"[dbo].[inspection]\":[\"post\",\"patch\",\"get\",\"delete\"],\"[dbo].[park]\":[\"get\"]}}"},"iconUri":"https://connectoricons-prod.azureedge.net/releases/v1.0.1680/1.0.1680.3652/sql/icon.png","dataSources":["Inspection","Park"],"dependencies":[],"dependents":[],"parameterHints":{},"parameterHintsV2":{},"isOnPremiseConnection":false,"sharedConnectionId":"420b9a26-865a-471f-92a4-54c0d4476198","bypassConsent":false,"dataSets":{"pragmaticworks.database.windows.net,demo":{"dataSources":{"Inspection":{"tableName":"[dbo].[Inspection]"},"Park":{"tableName":"[dbo].[Park]"}}}},"apiTier":"Premium","actions":["providers/PowerPlatform.Governance/Operations/Read","providers/PowerPlatform.Governance/Operations/Write","providers/PowerPlatform.Governance/Operations/Delete"],"endpoints":["pragmaticworks.database.windows.net,demo"],"authenticationType":"sqlAuthentication"}}</ConnectionReferences>
      <DatabaseReferences>{}</DatabaseReferences>
      <AppComponents>[]</AppComponents>
      <AppComponentDependencies>[]</AppComponentDependencies>
      <CanConsumeAppPass>1</CanConsumeAppPass>
      <CanvasAppType>0</CanvasAppType>
      <BypassConsent>0</BypassConsent>
      <AdminControlBypassConsent>0</AdminControlBypassConsent>
      <EmbeddedApp xsi:nil="true"></EmbeddedApp>
      <IntroducedVersion>1.0</IntroducedVersion>
      <CdsDependencies>{"cdsdependencies":[{"logicalname":"crb87_563f68270eb94c28aec389b80fae3098","componenttype":10090,"componenttypeplatformname":"ConnectionReference"}]}</CdsDependencies>
      <IsCustomizable>1</IsCustomizable>
      <BackgroundImageUri>/CanvasApps/crb87_parkinspectioncanvasapp_6f064_BackgroundImageUri</BackgroundImageUri>
      <DocumentUri>/CanvasApps/crb87_parkinspectioncanvasapp_6f064_DocumentUri.msapp</DocumentUri>
      <AdditionalUris>
        <AdditionalUri>/CanvasApps/crb87_parkinspectioncanvasapp_6f064_AdditionalUris0_identity.json</AdditionalUri>
      </AdditionalUris>
    </CanvasApp>
  </CanvasApps>
  <connectionreferences>
    <connectionreference connectionreferencelogicalname="crb87_563f68270eb94c28aec389b80fae3098">
      <connectionreferencedisplayname>demo pragmaticworks.database.windows.net</connectionreferencedisplayname>
      <connectorid>/providers/microsoft.powerapps/apis/shared_sql</connectorid>
      <description>demo pragmaticworks.database.windows.net</description>
      <iscustomizable>1</iscustomizable>
      <statecode>0</statecode>
      <statuscode>1</statuscode>
    </connectionreference>
  </connectionreferences>
  <Languages>
    <Language>1033</Language>
  </Languages>
</ImportExportXml>