<ImportExportXml version="9.2.24022.196" SolutionPackageVersion="9.2" languagecode="1033" generatedBy="CrmLive" xmlns:xsi="http://www.w3.org/2001/XMLSchema-instance">
  <SolutionManifest>
    <UniqueName>ExportComponentsc407b8ce485e417dbfbc68d8245118e0</UniqueName>
    <LocalizedNames>
      <LocalizedName description="ExportComponentsc407b8ce485e417dbfbc68d8245118e0" languagecode="1033" />
    </LocalizedNames>
    <Descriptions />
    <Version>1.0</Version>
    <Managed>0</Managed>
    <Publisher>
      <UniqueName>Cr7a46b</UniqueName>
      <LocalizedNames>
        <LocalizedName description="CDS Default Publisher" languagecode="1033" />
      </LocalizedNames>
      <Descriptions />
      <EMailAddress xsi:nil="true"></EMailAddress>
      <SupportingWebsiteUrl xsi:nil="true"></SupportingWebsiteUrl>
      <CustomizationPrefix>cr1c8</CustomizationPrefix>
      <CustomizationOptionValuePrefix>94188</CustomizationOptionValuePrefix>
    </Publisher>
    <RootComponents>
      <RootComponent type="1" schemaName="appusersetting" behavior="2" />
      <RootComponent type="1" schemaName="bot" behavior="2" />
      <RootComponent type="1" schemaName="cr1c8_shoutout" behavior="0" />
      <RootComponent type="1" schemaName="cr1c8_shoutoutcategory" behavior="0" />
      <RootComponent type="1" schemaName="systemuser" behavior="0" />
      <RootComponent type="300" schemaName="cr1c8_appinasnapcultureshoutout_55159" behavior="0" />
      <RootComponent type="300" schemaName="pw_pragmaticworksuicomponents_96f71" behavior="0" />
      <RootComponent type="300" schemaName="pw_pragmaticworksuireferenceapp_6e8aa" behavior="0" />
    </RootComponents>
    <MissingDependencies>
      <MissingDependency>
        <Required type="1" schemaName="appusersetting" displayName="Model-Driven App User Setting" solution="AppModule (9.1.24011.240103001)" />
        <Dependent type="1" schemaName="appusersetting" displayName="Model-Driven App User Setting" />
      </MissingDependency>
      <MissingDependency>
        <Required type="1" schemaName="appusersetting" displayName="Model-Driven App User Setting" solution="AppModule (9.1.24011.240103001)" />
        <Dependent type="10" schemaName="systemuser_appusersetting_userId" displayName="systemuser_appusersetting_userId" parentSchemaName="systemuser" parentDisplayName="User" />
      </MissingDependency>
      <MissingDependency>
        <Required type="1" schemaName="bot" displayName="Chatbot" solution="PowerVirtualAgents (2024.1.4.13592514)" />
        <Dependent type="1" schemaName="bot" displayName="Chatbot" />
      </MissingDependency>
      <MissingDependency>
        <Required type="1" schemaName="bot" displayName="Chatbot" solution="PowerVirtualAgents (2024.1.4.13592514)" />
        <Dependent type="10" schemaName="systemuser_bot_publishedby" displayName="systemuser_bot_publishedby" parentSchemaName="systemuser" parentDisplayName="User" />
      </MissingDependency>
      <MissingDependency>
        <Required type="1" schemaName="componentversion" displayName="Component Version" solution="msdyn_ComponentVersioning (9.1.0.160)" />
        <Dependent type="1" schemaName="componentversion" displayName="Component Version" />
      </MissingDependency>
      <MissingDependency>
        <Required type="1" schemaName="componentversion" displayName="Component Version" solution="msdyn_ComponentVersioning (9.1.0.160)" />
        <Dependent type="2" schemaName="owninguser" displayName="Owning User" parentSchemaName="componentversion" parentDisplayName="Component Version" />
      </MissingDependency>
      <MissingDependency>
        <Required type="10" schemaName="lk_componentversion_createdby" displayName="lk_componentversion_createdby" parentSchemaName="systemuser" parentDisplayName="User" solution="msdyn_ComponentVersioning (9.1.0.160)" />
        <Dependent type="10" schemaName="lk_componentversion_createdby" displayName="lk_componentversion_createdby" parentSchemaName="systemuser" parentDisplayName="User" />
      </MissingDependency>
      <MissingDependency>
        <Required type="10" schemaName="lk_componentversion_modifiedby" displayName="lk_componentversion_modifiedby" parentSchemaName="systemuser" parentDisplayName="User" solution="msdyn_ComponentVersioning (9.1.0.160)" />
        <Dependent type="10" schemaName="lk_componentversion_modifiedby" displayName="lk_componentversion_modifiedby" parentSchemaName="systemuser" parentDisplayName="User" />
      </MissingDependency>
      <MissingDependency>
        <Required type="10" schemaName="systemuser_appusersetting_userId" displayName="systemuser_appusersetting_userId" parentSchemaName="systemuser" parentDisplayName="User" solution="AppModule (9.1.24011.240103001)" />
        <Dependent type="10" schemaName="systemuser_appusersetting_userId" displayName="systemuser_appusersetting_userId" parentSchemaName="systemuser" parentDisplayName="User" />
      </MissingDependency>
      <MissingDependency>
        <Required type="10" schemaName="systemuser_bot_publishedby" displayName="systemuser_bot_publishedby" parentSchemaName="systemuser" parentDisplayName="User" solution="PowerVirtualAgents (2024.1.4.13592514)" />
        <Dependent type="10" schemaName="systemuser_bot_publishedby" displayName="systemuser_bot_publishedby" parentSchemaName="systemuser" parentDisplayName="User" />
      </MissingDependency>
      <MissingDependency>
        <Required type="10" schemaName="user_componentversion" displayName="user_componentversion" parentSchemaName="systemuser" parentDisplayName="User" solution="msdyn_ComponentVersioning (9.1.0.160)" />
        <Dependent type="10" schemaName="user_componentversion" displayName="user_componentversion" parentSchemaName="systemuser" parentDisplayName="User" />
      </MissingDependency>
      <MissingDependency>
        <Required type="10" schemaName="user_componentversion" displayName="user_componentversion" parentSchemaName="systemuser" parentDisplayName="User" solution="msdyn_ComponentVersioning (9.1.0.160)" />
        <Dependent type="2" schemaName="owninguser" displayName="Owning User" parentSchemaName="componentversion" parentDisplayName="Component Version" />
      </MissingDependency>
      <MissingDependency>
        <Required type="2" schemaName="userid" displayName="User" parentSchemaName="appusersetting" parentDisplayName="Model-Driven App User Setting" solution="AppModule (9.1.24011.240103001)" />
        <Dependent type="10" schemaName="systemuser_appusersetting_userId" displayName="systemuser_appusersetting_userId" parentSchemaName="systemuser" parentDisplayName="User" />
      </MissingDependency>
      <MissingDependency>
        <Required type="2" schemaName="userid" displayName="User" parentSchemaName="appusersetting" parentDisplayName="Model-Driven App User Setting" solution="AppModule (9.1.24011.240103001)" />
        <Dependent type="2" schemaName="userid" displayName="User" parentSchemaName="appusersetting" parentDisplayName="Model-Driven App User Setting" />
      </MissingDependency>
      <MissingDependency>
        <Required type="2" schemaName="publishedby" displayName="Published By" parentSchemaName="bot" parentDisplayName="Chatbot" solution="PowerVirtualAgents (2024.1.4.13592514)" />
        <Dependent type="10" schemaName="systemuser_bot_publishedby" displayName="systemuser_bot_publishedby" parentSchemaName="systemuser" parentDisplayName="User" />
      </MissingDependency>
      <MissingDependency>
        <Required type="2" schemaName="publishedby" displayName="Published By" parentSchemaName="bot" parentDisplayName="Chatbot" solution="PowerVirtualAgents (2024.1.4.13592514)" />
        <Dependent type="2" schemaName="publishedby" displayName="Published By" parentSchemaName="bot" parentDisplayName="Chatbot" />
      </MissingDependency>
      <MissingDependency>
        <Required type="2" schemaName="createdby" displayName="Created By" parentSchemaName="componentversion" parentDisplayName="Component Version" solution="msdyn_ComponentVersioning (9.1.0.160)" />
        <Dependent type="2" schemaName="createdby" displayName="Created By" parentSchemaName="componentversion" parentDisplayName="Component Version" />
      </MissingDependency>
      <MissingDependency>
        <Required type="2" schemaName="modifiedby" displayName="Modified By" parentSchemaName="componentversion" parentDisplayName="Component Version" solution="msdyn_ComponentVersioning (9.1.0.160)" />
        <Dependent type="2" schemaName="modifiedby" displayName="Modified By" parentSchemaName="componentversion" parentDisplayName="Component Version" />
      </MissingDependency>
    </MissingDependencies>
  </SolutionManifest>
</ImportExportXml>