{"__Version":"0.1","App":"61071119-e340-48a4-b78b-35e086e9e031","Test_7F478737223C4B69":"58fe57ff-274c-4a4d-951f-8d9dd046cd8a","Host":"6412d0f7-0b2b-4411-bbdc-7519105368ef","scr_welcome":"cc44047c-e34c-49cc-8fd1-fb020f5ef3b3","img_background_welcome":"b755aa7a-0b1a-4aaa-9653-81867dd626db","btn_newexpense_welcome":"10e4947d-1de7-46ce-ad9e-d8a79b7f1955","btn_allexpense_welcome":"a91d54b4-9adc-443c-9a42-0f656b984fbc","scr_editexpense":"bcfc9c36-4af3-422d-9812-8cccfd663b19","lbl_header_editexpense":"24226459-b07e-401e-b30a-9f6481cc577d","icn_back_editexpense":"cbaf5384-3b35-4476-a5b7-729b98f40f07","lbl_tripdestination_editexpense":"3d995e97-c6ca-41a1-ae26-5db36fbb4f8e","txt_destination_editexpense":"67d386c4-7ffb-4c03-abfa-3158ec561637","lbl_departuredate_editexpense":"bfd79c97-f300-4a36-be2d-8c3119ca0ee9","dte_departure_editexpense":"97b63d7c-f1ab-4297-bf95-6f9bb45f7c94","lbl_arrival_editexpense":"f9c83177-d714-40ca-942a-0e181f061152","dte_arrival_editexpense":"dcaf8e1c-2fe7-4316-baf3-4d23747cd433","gal_expensedetails_editexpense":"7096d5a8-1dfe-4d88-a45e-edc64cca6003","galleryTemplate2":"23a3717f-14eb-4624-b131-3f984a8dd107","Rectangle4":"6ca49bc3-28e3-4749-966d-eb6889d0b6ea","icn_trash_editexpense":"14c941e3-20c8-41d6-aecb-b83938a617cc","txt_expense_editexpense":"be4dbe1b-96d7-413c-a351-1e7c54d8667d","ddn_category_editexpense":"53a27c3d-eaf4-47cc-8535-be8db6bfb760","dte_transactiondate_editexpense":"583d6c95-6e73-4537-85d6-441c7ba91b61","txt_amount_editexpense":"8f75cbf1-b826-4043-b943-a5b259b5e367","Separator4":"d2ed9eda-51e5-4f1a-a819-7880a29ae7ec","lbl_total_editexpense":"fe4a8703-4127-4939-97cd-585b53ac71ab","icn_add_editexpense":"f003e553-be8e-4802-be96-68bd7bdcd776","btn_saveasdraft_editexpense":"9cec9607-8ca1-49ca-9c06-4c82f028b678","btn_submit_editexpense":"1ef7b57d-2c69-4cdb-8b87-6084d560b579","scr_allexpenses":"92c84e08-6799-4a7c-b6f2-2adde781c8fc","lbl_header_allexpenses":"c3bbf92f-b1c9-4c04-87e1-59ddd5d91f88","icn_back_allexpense":"6532513c-1b2a-429b-8afe-8d7b364b6e4e","lbl_tripdestination_allexpenses":"06133219-dc27-4089-a24a-e6a7f69098e7","ddn_destination_allexpenses":"725f9e4c-eae2-4070-9b66-79a356818d2d","gal_expensereports_allexpenses":"8f355fef-027f-4014-a5ff-a99292d841a1","galleryTemplate1":"5ff509d8-ca8c-4830-9b5a-eba35c076bc3","Rectangle2":"6fd0a912-913a-4e40-98c1-5a24d08d896e","Title2":"b9f52a27-f962-4571-bdae-54c1985c6ceb","NextArrow2":"ed366a79-6140-49f1-bc55-ebbc81ed1b14","Subtitle2":"2014436e-d36a-4c3f-93ef-be70a227b16e","Separator2":"d03ba36f-1f36-42ed-95fa-a6adb2bf6661"}